<?xml version="1.0" encoding="utf-8"?>
<prefix name="spseo" label="SimpleSEO" language_tag="en" language_label="English"><key name="admincf_lbl_bridge_blogs"><value>Blogs</value></key><key name="admincf_lbl_bridge_event"><value>Events</value></key><key name="admincf_lbl_bridge_forum"><value>Forum</value></key><key name="admincf_lbl_bridge_groups"><value>Groups</value></key><key name="admincf_lbl_bridge_video"><value>Video</value></key><key name="admincf_lbl_opt_console_hide"><value>Hide console menu</value></key><key name="admincf_lbl_opt_console_order"><value>Console menu display order</value></key><key name="admincf_lbl_opt_redirect"><value>Redirect old URL (HTTP 301)</value></key><key name="admincf_section_bridges"><value>Plug-ins Integration</value></key><key name="admincf_section_options"><value>Options</value></key><key name="adm_configuration"><value>Configurations</value></key><key name="adm_menu_configuration"><value>Configurations</value></key><key name="adm_menu_help"><value>Help</value></key><key name="adm_menu_pages"><value>Pages Meta</value></key><key name="adm_menu_robottxt"><value>robots.txt</value></key><key name="adm_menu_sitemap"><value>Sitemap</value></key><key name="adm_menu_urls"><value>URLS</value></key><key name="btn_clean"><value>Clear</value></key><key name="btn_save"><value>Save</value></key><key name="clcachef_lbl_all_data"><value>All saved information in database</value></key><key name="clcachef_lbl_all_pages"><value>All other pages</value></key><key name="clcachef_lbl_current_page"><value>This page</value></key><key name="config_updated"><value>SimpleSEO configuration has been updated.</value></key><key name="console_clear_urls_cache"><value>Clear URLs cache</value></key><key name="console_edit_page_meta"><value>Edit page's meta</value></key><key name="console_menu_text"><value>SEO</value></key><key name="floatbox_cache_cleaner_title"><value>SimpleSEO :: Cache Cleaner</value></key><key name="floatbox_page_meta_title"><value>Editing page meta information</value></key><key name="fphldr_host"><value>host</value></key><key name="fphldr_password"><value>password</value></key><key name="fphldr_port"><value>port</value></key><key name="fphldr_username"><value>username</value></key><key name="lbl_ftp_login"><value>FTP Login:</value></key><key name="pgmtf_explain"><value>Leave them blank to use default values from Oxwall</value></key><key name="pgmtf_lbl_description"><value>Description</value></key><key name="pgmtf_lbl_keywords"><value>Keywords</value></key><key name="pgmtf_lbl_slug"><value>Friendly URL</value></key><key name="pgmtf_msg_invalid_slug"><value>Invalid friendly URL format, only alphanumeric and dash(-) are allowed!</value></key><key name="robotstxt_save_error"><value>Can not save robots.txt, please check your FTP detail.</value></key><key name="robotstxt_updated"><value>robots.txt has been modified.</value></key></prefix>
