<?xml version="1.0" encoding="utf-8"?>
<prefix name="spseo" label="SimpleSEO" language_tag="en" language_label="English"><key name="adm_configuration"><value>Configurations</value></key><key name="adm_menu_configuration"><value>Configurations</value></key><key name="adm_menu_help"><value>Help</value></key><key name="adm_menu_pages"><value>Pages Meta</value></key><key name="adm_menu_robottxt"><value>robots.txt</value></key><key name="adm_menu_sitemap"><value>Sitemap</value></key><key name="adm_menu_urls"><value>URLS</value></key><key name="console_clear_urls_cache"><value>Clear URLs cache</value></key><key name="console_edit_page_meta"><value>Edit page's meta</value></key><key name="console_menu_text"><value>SEO</value></key></prefix>
